BRANCH_NAME,BRANCH_TYPE_ID
Agrabad Branch,3
Fakirapool Branch,3
Mudaforgonj Branch,3
Malibagh Chowdhury Para Branch,3
Chawk Bazar (BAR) Branch,3
Joydebpur Branch,3
Bagerhat Branch,3
Ramgarh Sub Branch,4
Charfashion Branch,3
Sonargaon Branch,3
Keshabpur Sub Branch,4
Eastern Plaza Branch,3
Trishal Sub Branch,4
Begumganj Branch,3
Bhangura Branch,3
Sreemangal Branch,3
Babu Bazar Branch,3
Munshiganj Branch,3
Magura Branch,3
Narayanganj Zone,2
Meherpur Branch,3
Narayanganj Branch,3
Feni Branch,3
Gazipura Branch,3
Goala Bazar Branch,3
Pallabi Branch,3
Chaprashirhat Sub Branch,4
Mohammadpur Branch,3
Rajgonj Road Branch,3
Chawk Bazar (DHK) Branch,3
Poura Park Market Branch,3
Jibannagar Sub Branch,4
Foreign Exchange Branch,3
Mathbaria Branch,3
Banijya Shakha,3
Laldighirpar Branch,3
Ladies Branch,3
Satmasjid Road Branch,3
Pirojpur Branch,3
Brahmanbaria Branch,3
Banasree Branch,3
Dholaikhal Branch,3
Lalmohan Branch,3
Shahjadpur Branch,3
Laldighi Branch,3
Banga Bandhu Avenue Branch,3
Barishal Zone,2
Companigonj Branch (Cumilla),3
North Shahjahanpur Branch,3
Naogaon Branch,3
Bashundhara Sub Branch,4
Gheor Branch,3
Aulad Hossain Market Branch,3
Tan Bazar Branch,3
Sherpur Sub Branch,4
AERE EPZ Branch,3
Sarkarkhana Branch,3
Haluaghat Branch,3
Ashuganj Sub Branch,4
Beani Bazar Branch,3
Head Office,1
Khatungonj Branch,3
Bandartila Branch,3
Sadarghat Branch(CTG),3
Gopinathpur Branch,3
Baraiyarhat Branch,3
Nazir Bazar Branch,3
Savar Branch,3
Nawabpur Branch,3
Circle-1 Branch,3
Halishahar Branch,3
Khepupara Branch,3
Kalabagan Branch,3
Shantinagar Branch,3
Paduar Bazar Sub Branch,4
Sylhet Branch,3
Puran Bazar Sub Branch,4
Raipur Branch,3
Satkhira Branch,3
Mymensingh Zone,2
Joypurhat Branch,3
Daganbhuiyan Sub Branch,4
Birampur Sub Branch,4
Rangamati Branch,3
Naya Bazar Branch,3
Kalmakanda Sub Branch,4
Darus Salam Road Branch,3
English Road Branch,3
Sitakunda Branch,3
Madanpur Sub Branch,4
Hathazari Sub Branch,4
Basurhat Branch,3
Subgacha Branch,3
Maijdee Court Branch,3
D.I.T Branch,3
Birganj Sub Branch,4
Chandpur Branch,3
Nabagram Branch,3
Jatrabari Branch,3
Narsingdi Branch,3
Atia Branch,3
Habiganj Branch,3
Jhalakati Branch,3
Katiadi Branch,3
Hotel Ishakha International Branch,3
Kulaura Branch,3
Mainimukh Bazar Sub Branch,4
Chaktai Branch,3
Bonpara Branch,3
Dhaka South Zone,2
Araihazar Branch,3
Kaliganj Sub Branch,4
Reazuddin Bazar Branch,3
Joar Shahara Branch,3
Bangla Bazar Branch,3
Tajumuddin Branch,3
Kurigram Branch,3
Rekabi Bazar Branch,3
Baniachong Sub Branch,4
Amin Bazar Branch,3
Chowmuhani Branch,3
Gulshan Branch,3
Chattogram Zone,2
Hatkhola Branch,3
Pabna Branch,3
Pahartali Sub Branch,4
Muktagacha Sub Branch,4
Charpara Branch,3
Noapara Branch,3
Kawran Bazar Branch,3
Ullapara Branch,3
Ishwarganj Sub Branch,4
Cumilla Branch,3
Netaiganj Branch,3
Mahisalbari Branch,3
Bandarban Branch,3
Manikganj Branch,3
Daulatpur Branch,3
Uttara Branch,3
New Market Branch (Rajshahi),3
Lalkhan Bazar Branch,3
Chawk Bazar (CTG) Branch,3
Dilder Market Sub Branch,4
Fenchuganj Branch,3
Ishwardi Branch,3
Rajshahi Zone,2
Patuakhali Branch,3
Katghar Branch,3
Nawabgonj Branch,3
Bhairab Bazar Branch,3
Sonapur Branch,3
Postagola Branch,3
Birinchi Branch,3
New Market Branch (DHK),3
Hatiya Bazar Sub Branch,4
Nagarkanda Sub Branch,4
Moshang Bazar Sub Branch,4
Mugdapara Branch,3
Rangpur Branch,3
Sandwip Branch,3
Navaran Sub Branch,4
Sujanagar Sub Branch,4
Kamrangirchar Sub Branch,4
Laxmipur Branch,3
Natore Branch,3
Fulbaria Branch,3
Chakaria Branch,3
Belabo Sub Branch,4
Ashulia Branch,3
Imamgonj Branch,3
Nasirabad Branch,3
Eskaton Branch,3
Sherpur Branch,3
Bhola Branch,3
Shaheb Bazar Branch,3
Dhaka Central Zone,2
Kuliarchar Sub Branch,4
Johnson Road Branch,3
Tekerhat Branch,3
Lalpur Branch,3
BKSP Branch,3
Dharkhar Branch,3
Moghbazar Branch,3
Lohagara Branch,3
Coxs Bazar Branch,3
Saidpur Branch,3
Poradaha Sub Branch,4
Ambarkhana Branch,3
Nabiganj Branch,3
Bhaluka Branch,3
Mongla Branch,3
Jagannathpur Branch,3
Thakurgaon Branch,3
Teknaf Branch,3
Cumilla Zone,2
Chapainawabgonj Branch,3
Green Road Branch,3
Faridpur Branch,3
Matiranga Sub Branch,4
Ramdia Bazar Branch,3
Corporate Branch,3
Tongi Branch,3
Mothkhola Branch,3
Daulatkhan Branch,3
Kansat Branch,3
Mymensingh Branch,3
Sunamganj Branch,3
Dhaka Dakshin Branch,3
Khalishpur Branch,3
Narail Branch,3
Chandina Branch,3
Kunjerhat Sub Branch,4
Badda Branch,3
Jamalpur Branch,3
Shariatpur Branch,3
Mirpur Branch,3
Mitford Road Branch,3
Jashore Branch,3
Akbar Hat Sub Branch,4
Kaligonj Branch,3
Panthapath Branch,3
Shiber Hat Sub Branch,4
Kaliakair Sub Branch,4
Bagha Sub Branch,4
Khulna Zone,2
Sadarghat Branch (DHK),3
Ichhapura Branch,3
Konabari Branch,3
Chhatak Branch,3
Kushtia Branch,3
Bibirhat Branch,3
Chunarughat Branch,3
Tangail Branch,3
Barguna Branch,3
Mostafapur Branch,3
Gopalgonj Branch,3
Bogura Zone,2
Barishal Branch,3
Khagrachari Branch,3
Galachipa Branch,3
Saturia Sub Branch,4
Azimpur Branch,3
Moulvibazar Branch (DHK),3
Ramna Branch,3
Jhenaidah Branch,3
Shibalaya Branch,3
Shyamoli Branch,3
Madhabdi Bazar Branch,3
Station Road Branch,3
Dhaperhat Sub Branch,4
Sheikh Mujib Road Branch,3
Barlekha Branch,3
Local Office,3
Chuadanga Branch,3
Peelkhana Branch,3
Dinajpur Branch,3
Hatiya Branch,3
Donia Branch,3
Sirajgonj Branch,3
BGSL Branch,3
Laksam Branch,3
Atghoria Sub Branch,4
K.D.A Branch,3
Keshorhat Branch,3
Ghorasal Branch,3
Phulbari Branch,3
Ranirhat Sub Branch,4
Nazipur Sub Branch,4
Chanchkoir Branch,3
Bishwanath Branch,3
Rajbari Branch,3
Lower Jashore Road Branch,3
Jubilee Road Branch,3
Moulvibazar Branch (Sylhet),3
Gaibandha Branch,3
Dhaka North Zone,2
Durgapur Sub Branch,4
Madhupur Sub Branch,4
Karimganj Branch,3
Companigonj Branch (Sylhet),3
Posta Branch,3
Sylhet Zone,2
Kishoregonj Branch,3
Bogura Branch,3
Hajigonj Sub Branch,4
Elliotganj Bazar Sub Branch,4
Patiya Branch,3
Nilphamari Branch,3
Rani Bazar Branch,3
Sir Iqbal Road Branch,3
Elenga Sub Branch,4
Dilkusha Branch,3
Jaintapur Branch,3
Bhagalpur Branch,3
Chandragonj Branch,3
Rokeya Sarani Branch,3
Mirpur Bazar Branch,3
Tipu Sultan Road Branch,3
Mohakhali Branch,3
Ataikula Sub Branch,4
Raozan Sub Branch,4
Madaripur Branch,3
Shamshernagar Sub branch,4
Sarojganj Branch,3
Elephant Road Branch,3
Lalmonirhat Branch,3
Hotel Intercontinental Branch,3
Puthia Branch,3
Bhulta Branch,3
Panchagarh Branch,3
Shahjalal Uposhahar Branch,3
Islampur Branch,3
Netrokona Branch,3
Pulhat Branch,3
