SL,Branch_name,Import_No_of_LC,Import,Export_No_of_LC,Export
,,,,,
1,Local Office,0,46000,0,33500
2,Corporate,0,49000,0,1900
3,Aulad Hossain Market ,0,543,0,0
4,Badda ,0,189,0,0
5,Banasree ,0,13,0,0
6,Banga Bandhu Avenue ,0,58370,0,84426
7,Circle-1 ,0,1521,0,0
8,Dilkusha ,0,81308,0,109917
9,Eastern Plaza ,0,2178,0,0
10,Eskaton ,0,2248,0,356
11,Fakirapool ,0,1426,0,0
12,Foreign Exchange ,0,65436,0,94350
13,Fulbaria ,0,3445,0,0
14,Green Road ,0,200,0,0
15,Gulshan ,0,26247,0,46058
16,Hotel Intercontinental ,0,584,0,0
17,Hotel Ishakha International ,0,1262,0,0
18,Kawran Bazar ,0,15879,0,8827
19,Ladies ,0,0,0,0
20,Malibagh Chowdhury Para ,0,631,0,0
21,Moghbazar ,0,109,0,0
22,Mohakhali ,0,535,0,0
23,Mugdapara ,0,341,0,0
24,Nawabpur ,0,35736,0,0
25,North Shahjahanpur ,0,317,0,0
26,Panthapath ,0,1263,0,0
27,Ramna ,0,14979,0,29131
28,Shantinagar ,0,61240,0,90435
29,AERE EPZ ,0,6130,0,12974
30,Amin Bazar ,0,100,0,0
31,Ashulia ,0,0,0,0
32,Banijya Shakha,0,7919,0,19705
33,BKSP ,0,0,0,0
34,Darus Salam Road ,0,10996,0,5914
35,Gazipura ,0,0,0,0
36,Gheor ,0,0,0,0
37,Joar Shahara ,0,188,0,0
38,Joydebpur ,0,0,0,0
39,Kalabagan ,0,6889,0,6592
40,Konabari ,0,0,0,0
41,Manikganj ,0,0,0,0
42,Mirpur ,0,49,0,0
43,Mohammadpur ,0,581,0,0
44,Nabagram ,0,0,0,0
45,Pallabi ,0,5259,0,15037
46,Rokeya Sarani ,0,2037,0,0
47,Satmasjid Road ,0,24097,0,33762
48,Savar ,0,0,0,0
49,Shibalaya ,0,0,0,0
50,Shyamoli ,0,1017,0,0
51,Tongi ,0,408,0,0
52,Uttara ,0,16330,0,77516
53,Azimpur ,0,6119,0,0
54,Babu Bazar ,0,2059,0,0
55,Bangla Bazar ,0,478,0,0
56,Chawk Bazar (DHK) ,0,7922,0,143
57,Dholaikhal ,0,1421,0,0
58,Donia ,0,0,0,0
59,Elephant Road ,0,1093,0,0
60,English Road ,0,5473,0,4623
61,Hatkhola ,0,1246,0,0
62,Imamgonj ,0,307,0,0
63,Islampur ,0,9569,0,0
64,Jatrabari ,0,49,0,0
65,Johnson Road ,0,703,0,0
66,Kaligonj ,0,0,0,0
67,Mitford Road ,0,665,0,0
68,Moulvibazar  (DHK),0,4623,0,34
69,Nawabgonj ,0,0,0,0
70,Naya Bazar ,0,2645,0,0
71,New Market  (DHK),0,255,0,0
72,Peelkhana ,0,0,0,0
73,Posta ,0,1123,0,0
74,Sadarghat  (DHK),0,3084,0,0
75,Tipu Sultan Road ,0,1466,0,0
76,Atia ,0,0,0,0
77,Bhagalpur ,0,0,0,0
78,Bhairab Bazar,0,10,0,0
79,Bhaluka,0,0,0,0
80,Charpara ,0,0,0,0
81,Haluaghat ,0,490,0,183
82,Jamalpur ,0,0,0,0
83,Karimganj ,0,0,0,0
84,Katiadi ,0,0,0,0
85,Kishoregonj ,0,0,0,0
86,Mothkhola ,0,0,0,0
87,Mymensingh ,0,2510,0,17
88,Netrokona ,0,18,0,0
89,Sherpur ,0,172,0,0
90,Tangail ,0,0,0,0
91,Araihazar,0,0,0,0
92,Bhulta ,0,0,0,111
93,D.I.T ,0,0,0,33
94,Ghorasal ,0,0,0,0
95,Ichhapura ,0,0,0,0
96,Madhabdi Bazar ,0,0,0,0
97,Munshiganj ,0,0,0,0
98,Narayanganj ,0,4643,0,70356
99,Narsingdi ,0,0,0,0
100,Netaiganj ,0,0,0,0
101,Postagola ,0,0,0,0
102,Rekabi Bazar ,0,2011,0,0
103,Sarkarkhana ,0,0,0,0
104,Sonargaon ,0,1836,0,0
105,Tan Bazar ,0,8210,0,0
106,Baraiyarhat ,0,0,0,0
107,Basurhat ,0,0,0,0
108,Begumganj ,0,0,0,0
109,BGSL ,0,641,0,0
110,Birinchi ,0,0,0,0
111,Brahmanbaria ,0,0,0,0
112,Chandina ,0,2901,0,0
113,Chandpur ,0,2474,0,0
114,Chandragonj ,0,0,0,0
115,Chowmuhani ,0,0,0,0
116,Companigonj  (Cumilla),0,0,0,0
117,Cumilla ,0,9276,0,14600
118,Dharkhar ,0,0,0,0
119,Feni ,0,412,0,0
120,Gopinathpur ,0,0,0,0
121,Hatiya ,0,0,0,0
122,Laxmipur ,0,0,0,0
123,Maijdee Court ,0,0,0,0
124,Mudaforgonj ,0,0,0,0
125,Raipur ,0,0,0,0
126,Rajgonj Road ,0,296,0,0
127,Sonapur ,0,0,0,0
128,Agrabad ,0,7452,0,15812
129,Bandarban ,0,0,0,0
130,Bandartila ,0,0,0,0
131,Bibirhat ,0,0,0,0
132,Chaktai ,0,0,0,0
133,Chakaria ,0,0,0,0
134,Chawk Bazar (CTG) ,0,0,0,0
135,Coxs Bazar ,0,0,0,0
136,Halishahar ,0,34,0,0
137,Jubilee Road ,0,1756,0,0
138,Katghar ,0,0,0,0
139,Khagrachari ,0,0,0,0
140,Khatungonj ,0,18076,0,140
141,Laldighi ,0,13818,0,548
142,Lalkhan Bazar ,0,226,0,0
143,Lohagara ,0,0,0,0
144,Nasirabad ,0,1439,0,0
145,Patiya ,0,0,0,0
146,Rangamati ,0,0,0,0
147,Reazuddin Bazar ,0,2113,0,0
148,Sadarghat (CTG),0,232,0,0
149,Sandwip ,0,0,0,0
150,Sheikh Mujib Road ,0,2354,0,0
151,Sitakunda ,0,0,0,0
152,Teknaf ,0,0,0,0
153,Ambarkhana ,0,187,0,0
154,Barlekha ,0,0,0,0
155,Beani Bazar ,0,758,0,0
156,Bishwanath ,0,0,0,0
157,Chhatak ,0,955,0,0
158,Chunarughat ,0,0,0,0
159,Companigonj  (Sylhet),0,191,0,0
160,Dhaka Dakshin ,0,0,0,0
161,Fenchuganj ,0,0,0,0
162,Goala Bazar ,0,0,0,0
163,Habiganj ,0,0,0,0
164,Jagannathpur ,0,0,0,0
165,Jaintapur ,0,571,0,0
166,Kulaura ,0,0,0,0
167,Laldighirpar ,0,46,0,0
168,Mirpur Bazar ,0,0,0,0
169,Mostafapur ,0,0,0,0
170,Moulvibazar  (Sylhet),0,0,0,0
171,Nabiganj ,0,0,0,0
172,Nazir Bazar ,0,0,0,0
173,Shahjalal Uposhahar ,0,452,0,0
174,Sreemangal ,0,0,0,0
175,Sunamganj ,0,2982,0,0
176,Sylhet ,0,4358,0,100
177,Bagerhat ,0,0,0,0
178,Chuadanga ,0,8235,0,7870
179,Daulatpur ,0,202,0,0
180,Gopalgonj ,0,0,0,0
181,Jashore ,0,7013,0,1550
182,Jhenaidah ,0,519,0,0
183,K.D.A ,0,379,0,0
184,Khalishpur ,0,0,0,0
185,Lower Jashore Road ,0,659,0,96
186,Magura ,0,530,0,0
187,Mongla ,0,44,0,0
188,Narail ,0,0,0,0
189,Noapara ,0,2643,0,0
190,Ramdia Bazar ,0,0,0,0
191,Sarojganj ,0,0,0,0
192,Satkhira ,0,88,0,0
193,Sir Iqbal Road ,0,11188,0,4484
194,Barguna ,0,0,0,0
195,Barishal ,0,2293,0,100
196,Bhola ,0,0,0,0
197,Charfashion ,0,0,0,0
198,Chawk Bazar (BAR) ,0,0,0,0
199,Daulatkhan ,0,0,0,0
200,Faridpur ,0,0,0,0
201,Galachipa ,0,0,0,0
202,Jhalakati ,0,0,0,0
203,Khepupara ,0,0,0,0
204,Lalmohan ,0,0,0,0
205,Madaripur ,0,0,0,0
206,Mathbaria ,0,0,0,0
207,Patuakhali ,0,0,0,0
208,Pirojpur ,0,0,0,0
209,Rajbari ,0,207,0,0
210,Shariatpur ,0,0,0,0
211,Tajumuddin ,0,0,0,0
212,Tekerhat ,0,0,0,0
213,Bhangura ,0,0,0,0
214,Bonpara ,0,0,0,0
215,Chanchkoir ,0,90,0,0
216,Chapainawabgonj ,0,1105,0,0
217,Ishwardi ,0,0,0,0
218,Kansat ,0,2669,0,0
219,Keshorhat ,0,24,0,0
220,Kushtia ,0,364,0,0
221,Lalpur ,0,773,0,0
222,Mahisalbari ,0,0,0,0
223,Meherpur ,0,0,0,0
224,Natore ,0,7364,0,33200
225,New Market  (Rajshahi),0,3001,0,0
226,Pabna ,0,8277,0,16937
227,Puthia ,0,0,0,0
228,Rani Bazar ,0,230,0,0
229,Shaheb Bazar ,0,13703,0,163
230,Bogura ,0,20076,0,5211
231,Dinajpur ,0,0,0,0
232,Gaibandha ,0,0,0,0
233,Joypurhat ,0,52,0,0
234,Kurigram ,0,0,0,0
235,Lalmonirhat ,0,0,0,0
236,Naogaon ,0,6304,0,174
237,Nilphamari ,0,0,0,0
238,Panchagarh ,0,0,0,0
239,Phulbari ,0,2257,0,0
240,Poura Park Market ,0,0,0,0
241,Pulhat ,0,0,0,0
242,Rangpur ,0,2257,0,3115
243,Saidpur ,0,0,0,0
244,Shahjadpur ,0,0,0,0
245,Sirajgonj ,0,84,0,0
246,Station Road ,0,0,0,0
247,Subgacha ,0,0,0,0
248,Thakurgaon ,0,170,0,0
249,Ullapara ,0,0,0,0
250,Head Office,0,0,0,0
,Grand Total,0,800000,0,850000
